Borough,Employer,Uninsured,Medicare,Medicaid
All New York City,0.406137486,0.067181354,0.050916338,0.249704906
The Bronx,0.289879379,0.075958516,0.038080308,0.376334435
Brooklyn,0.39105,0.06307,0.046144,0.28027
Manhattan,0.502665,0.045725,0.053092,0.149971
Queens,0.399774,0.08733,0.059587,0.225998
Staten Island,0.534601,0.039187,0.065438,0.161627
